{
    "ABETA": {
        "theta_mean": 583.1602752539501,
        "theta_std": 153.22235724402407,
        "phi_mean": 969.2178487582211,
        "phi_std": 360.5346414016997
    },
    "ADAS13": {
        "theta_mean": 24.942142864031734,
        "theta_std": 8.465765171353587,
        "phi_mean": 10.617088611728416,
        "phi_std": 4.494181977739251
    },
    "EntorhinalNorm": {
        "theta_mean": 1.8634231445288695,
        "theta_std": 0.3649024240258928,
        "phi_mean": 2.540148560639659,
        "phi_std": 0.37658433837087744
    },
    "FusiformNorm": {
        "theta_mean": 10.033458318492347,
        "theta_std": 1.226189951490126,
        "phi_mean": 12.117536486051924,
        "phi_std": 1.3333870209787466
    },
    "HippocampusNorm": {
        "theta_mean": 3.7457775497274945,
        "theta_std": 0.5070595589972828,
        "phi_mean": 4.900070438878643,
        "phi_std": 0.6022664289655883
    },
    "MMSE": {
        "theta_mean": 25.313995666073296,
        "theta_std": 2.4835220241866414,
        "phi_mean": 28.97119781086944,
        "phi_std": 1.0570251782258837
    },
    "MidTempNorm": {
        "theta_mean": 11.131154642041004,
        "theta_std": 1.2639596582647028,
        "phi_mean": 13.553169038148965,
        "phi_std": 1.3454868050420585
    },
    "PTAU": {
        "theta_mean": 35.20417962075933,
        "theta_std": 15.918574469910672,
        "phi_mean": 19.871490790659582,
        "phi_std": 8.087750039915427
    },
    "RAVLT_immediate": {
        "theta_mean": 25.806970397489224,
        "theta_std": 7.526913731682004,
        "phi_mean": 42.65722241751703,
        "phi_std": 9.698796636453212
    },
    "TAU": {
        "theta_mean": 311.762486865149,
        "theta_std": 142.66799465259825,
        "phi_mean": 223.57612903225802,
        "phi_std": 86.35182354864837
    },
    "VentricleNorm": {
        "theta_mean": 33.29229082083516,
        "theta_std": 12.70184195490303,
        "phi_mean": 21.344835680430833,
        "phi_std": 9.768639778644835
    },
    "WholeBrainNorm": {
        "theta_mean": 635.4760507603862,
        "theta_std": 35.08217309011037,
        "phi_mean": 695.1071473007054,
        "phi_std": 40.656332217150024
    }
}
